[
    {
        "id": 10,
        "kategori": "forretter",
        "navn": "Russisk ringbrød",
        "pris": 29,
        "kort": "Russisk ringbrød af Karapatisk mel",
        "lang": "Russisk ringbrød efter en klassisk opskrift fra Karapatien. Dejen blandes koldhæver 30 dage, inde brødet bages over bål. Meget sprødt, godt med Karapatisk bjerggedsmør.",
        "oprindelse": "Karapatien",
        "billede": "ringbroed-druer"
  },
    {
        "id": 12,
        "kategori": "forretter",
        "navn": "Cabanossi med rødbedecreme",
        "pris": 49,
        "kort": "Cabanossi med rødbedecreme og løg",
        "lang": "Cabanossi med rødbedecreme og creme er egentlig en forret, men kammerat Vladimir elskede denne ret så højt, at han forbød restauranter i Krigien at sælge det som andet end en hovedret. Vi anbefaler det dog som forret, inden en god Bortsjs. Skylles helst ned med vodka.",
        "oprindelse": "Krigien",
        "billede": "rodbede-cabanossi"
  },
    {
        "id": 14,
        "kategori": "forretter",
        "navn": "Caviar bruschetta",
        "pris": 49,
        "kort": "Brushcetta med russisk Caviar",
        "lang": "Til denne dejlige Bruschetta anvender vi kun de dejligste sibiriske Caviar. Caviarerne presses ud af fiskene mens de stadig er levende, og vædes derefter i Putinka Vodka. Der er masser af bjerggedesmør på bruschettaene.",
        "oprindelse": "Sibirien",
        "billede": "caviarbruschetta"
  },
    {
        "id": 17,
        "kategori": "forretter",
        "navn": "Baltisk bondesuppe",
        "pris": 79,
        "kort": "Baltisk bondesuppe - en solid starter",
        "lang": "Baltisk bondesuppe er en solid starter. Godt til dig, der skal drikke godt igennem under måltidet. Suppen består af ged, grønt og masser af løg.",
        "oprindelse": "Baltikum",
        "billede": "baltiskbondesuppe"
  },
    {
        "id": 19,
        "kategori": "forretter",
        "navn": "Østsibirisk kålsuppe",
        "pris": 69,
        "kort": "Kålsuppe med 7 kålvarianter",
        "lang": "Denne lækre suppe består af 7 forskellige slags kål: Hvidkål, grønkål, brunkål, spidskål, kabanossikål, sibirisk kål og kålrabi. Dertil en masse Voda (vand) og krydderier fra Østsibirien.",
        "oprindelse": "Østsibirien",
        "billede": "kaalsuppe"
  },
    {
        "id": 2,
        "kategori": "hovedretter",
        "navn": "Bulgarsk bondesuppe",
        "pris": 99,
        "kort": "Cauceskus bulgarske bondesuppe",
        "lang": "Da Caucesku var i færd med at skrive sit navn med højhuse, var han nødt til at give håndværkerne solid kost, så de kunne arbejde 18 timer i døgnet, 7 dage om ugen: Bulgarsk bondesuppe. Suppen består af alt det bedste fra Bulgarien.",
        "oprindelse": "Bulgarien",
        "billede": "bulgarskbondesuppe"
  },
    {
        "id": 21,
        "kategori": "hovedretter",
        "navn": "Kæmperogn med kartoffelmos",
        "pris": 89,
        "kort": "Kæmpe klipfiskerogn med Kartofler og fiskefond",
        "lang": "Kæmpe klipfiskene i det nordlige Novogorod har længe været kendt for at levere de bedste rogn. Her sereveres de med eis-kartofler og en lækker sovs baseret på fiskefond.",
        "oprindelse": "Novogorod",
        "billede": "mos-rogn"
  },
    {
        "id": 25,
        "kategori": "hovedretter",
        "navn": "Diplomat-bøf med grønt",
        "pris": 179,
        "kort": "Diplomat-bøf med grønt",
        "lang": "Diplomatiet har haft mange udfordringer i USSR. Derfor blev der sørget godt for dem, og som nogen af de få, fik diplomaterne mange bøffer under den kolde krig. Diplomat-bøffen med grillede grøntsager og koldpresset olie er af ypperste kvalitet - kødet kommer fra udsultede ungkalve i Viktoriagrad.",
        "oprindelse": "Viktoriagrad",
        "billede": "boef"
  },
    {
        "id": 34,
        "kategori": "hovedretter",
        "navn": "Zygroffs bondeplatte",
        "pris": 109,
        "kort": "Zygroffs bondeplatte - bøndernes svar på Tapas",
        "lang": "Under de trange vilkår på landet Sibirien, bød husmændene på Zygroffs bondeplatte, når der var fest. Gode, grove grøntsager, tørret bøffelkod og masser af æg. Specielt for bondeplatten blev de dejlige caviar skiftet ud med billige kapers.",
        "oprindelse": "Sibirien",
        "billede": "bondeplatte"
  },
    {
        "id": 36,
        "kategori": "hovedretter",
        "navn": "Russisk Tapas",
        "pris": 199,
        "kort": "Russisk tapas med tomater og kød",
        "lang": "Der er blevet sagt meget om det russiske køkken, men godt har sjældent været et af tillægsordene. Russisk tapas er dog lækkert. Inspireret af duften af Italien får du her tørret bøffelkød, hvidt brød og tomater badet i koldpresset olie.",
        "oprindelse": "Rusland",
        "billede": "russisktapas"
  },
    {
        "id": 38,
        "kategori": "hovedretter",
        "navn": "Moldavisk fiskesuppe",
        "pris": 139,
        "kort": "Den dejlige, alkoholholdige moldaviske fiskesuppe",
        "lang": "Denne suppe fra Moldavien er unik ved at være forholdsvis stærk. Suppen koges på basis af Zyganoff Vodka i 24 timer. Meget af alkoholen damper væk, men der er typisk en rest på ca. 8% alkohol tilbage, så spiser du godt med suppe, skal du nok blive bims.",
        "oprindelse": "Moldavien",
        "billede": "moldaviskfiskesuppe"
  },
    {
        "id": 41,
        "kategori": "hovedretter",
        "navn": "Dynryp",
        "pris": 149,
        "kort": "Dynrup - Russisk bulgur med skovsvampe",
        "lang": "Dynrup - Russisk bulgur med skovsvampe fra det østlige Kirgisistan. Svampene minder om kantarelle, men med en mere støvet smag.",
        "oprindelse": "Rusland",
        "billede": "dynryp"
  },
    {
        "id": 42,
        "kategori": "desserter",
        "navn": "Pandekager med kaviar",
        "pris": 79,
        "kort": "Brændte pandekager med Bordyriske ørne-kaviar",
        "lang": "Brændte pandekager med Bordyriske ørne-kaviar. Ørne laver kaviar på størrelse med peberkorn. Og de smager af kaviar. Ikke peber. Lækkert.",
        "oprindelse": "Bordurien",
        "billede": "kaviarpandekager"
  },
    {
        "id": 43,
        "kategori": "desserter",
        "navn": "Guzni",
        "pris": 69,
        "kort": "Guzni - Rødbede/nøddeis",
        "lang": "Guzni - den verdenskendte rødbede/nøddeis fra Petrograd. Kammerat Boris Guzni var stor fan af den, og spiste den hver dag under Den kolde krig.",
        "oprindelse": "Petrograd",
        "billede": "guzni"
  },
    {
        "id": 44,
        "kategori": "desserter",
        "navn": "Kirgisisk roulade",
        "pris": 89,
        "kort": "Kirgisisk roulade bestående af nødder og rødkål",
        "lang": "I det nordlige Kirgisistan består en væsentlig del af kostpyramiden af forskellige kålvarianter og nødder. Mama Dushku fandt på denne ret, som en hyldest til det røde flag med hammer og segl.",
        "oprindelse": "Kirgisistan",
        "billede": "kirgisiskroulade"
  },
    {
        "id": 45,
        "kategori": "desserter",
        "navn": "Pavlova i melon",
        "pris": 49,
        "kort": "Pavlova - russiske pandekager - i honningmelon fra Nordkorea",
        "lang": "Pavlova - de berømte festlige russiske pandekager - serveres i lækker honningmelon fra Nordkorea",
        "oprindelse": "Nordkorea",
        "billede": "pavlova"
  },
    {
        "id": 52,
        "kategori": "desserter",
        "navn": "Groggiroshorn",
        "pris": 39,
        "kort": "Groggishorn - det russiske svar på pølsehorn",
        "lang": "Groggishorn - det russiske svar på pølsehorn, bare meget mere rustikt og spændende",
        "oprindelse": "Rusland",
        "billede": "groggiroshorn"
  },

    {
        "id": 55,
        "kategori": "drikkevarer",
        "navn": "Bochkarev fadøl",
        "pris": 55,
        "kort": "En halv liter Bochkarev fadøl",
        "lang": "En halv liter Bochkarev fadøl. Skåll!",
        "oprindelse": "Skt Petersburg",
        "billede": "bochkarev"
  },
    {
        "id": 60,
        "kategori": "drikkevarer",
        "navn": "Voda-vodka",
        "pris": 19,
        "kort": "Voda-vodka - vodka i rigelige mængder",
        "lang": "Voda-vodka - vodka i rigelige mængder, dugklar og god.",
        "oprindelse": "Sibirien",
        "billede": "voda"
  },
    {
        "id": 62,
        "kategori": "drikkevarer",
        "navn": "Gloske (cola)",
        "pris": 39,
        "kort": "Gloske - russisk for Cola - fra bryggeriet Iznogoud",
        "lang": "Gloske - russisk for Cola - fra bryggeriet Iznogoud. Brygget på roer og kartofler.",
        "oprindelse": "Rusland",
        "billede": "cola"
  },
    {
        "id": 65,
        "kategori": "drikkevarer",
        "navn": "Rødvin, glas",
        "pris": 49,
        "kort": "Et glas god Rødvin fra det tidligere USSR",
        "lang": "Huset Petrograd's rødvin er produceret før 1990, og lagret i de dybe saltminer (normalt forbeholdt defekte atomvåben) i Yekaterinburg. Det giver vinen en særdeles karakteristisk glød, der viser sig ved svag stearinlys-belysning.",
        "oprindelse": "Yekaterinburg",
        "billede": "roedvin"
  },
    {
        "id": 76,
        "kategori": "drikkevarer",
        "navn": "Hvidvin, glas",
        "pris": 39,
        "kort": "Et glas russisk hvidvin fra Chernobyl",
        "lang": "Vores hvidvin er brygget på de helt særlige druer der voksede frem i den uberørte natur omkring Pripyat. Vinen fremstilles lokalt i området, druerne trampes af trænede bjørne, og filtreres gennem et system af stadigt mindre babushka-filtre inde i hinanden. Du får ikke en lignende vin noget andet sted!",
        "oprindelse": "Pripyat",
        "billede": "hvidvin"
  },
    {
        "id": 77,
        "kategori": "sideorders",
        "navn": "Russisk ringbrød",
        "pris": 29,
        "kort": "Russisk ringbrød bagt med det fineste gryzni-mel fra Gryzkigistan",
        "lang": "Russisk ringbrød bagt med det fineste gryzni-mel fra Gryzkigistan. Den helt rigtige snack til vodkaen.",
        "oprindelse": "Gryzkigistan",
        "billede": "ringbroed"
  },
    {
        "id": 78,
        "kategori": "sideorders",
        "navn": "Murmanske bondeboller",
        "pris": 19,
        "kort": "Murmanske bondeboller bagt i stenovn",
        "lang": "Murmanske bondeboller bagt i stenovn",
        "oprindelse": "Murmansk",
        "billede": "bondeboller"
  },
    {
        "id": 79,
        "kategori": "sideorders",
        "navn": "Russisk salat",
        "pris": 49,
        "kort": "Russisk salat med ærter, bønner, gulerødder og mayonnaise fra Volgograd",
        "lang": "Russisk salat med ærter, bønner, gulerødder og mayonnaise fra Volgograd",
        "oprindelse": "Volgograd",
        "billede": "russisksalat"
  }
]
